Property__c,Image_Url__c,Type__c
a07gL000006K9GbQAK,https://images.unsplash.com/photo-1600210492493-0946911123ea?w=800,Living Room
a07gL000006K9GbQAK,https://images.unsplash.com/photo-1556912172-45b7abe8b7e1?w=800,Kitchen
a07gL000006K9GbQAK,https://images.unsplash.com/photo-1616594039964-ae9021a400a0?w=800,Bedroom
a07gL000006K9GbQAK,https://images.unsplash.com/photo-1552321554-5fefe8c9ef14?w=800,Bathroom
a07gL000006K9GbQAK,https://images.unsplash.com/photo-1575429198097-0414ec08e8cd?w=800,Garden
a07gL000006K9GbQAK,https://images.unsplash.com/photo-1568605114967-8130f3a36994?w=800,House Exterior
a07gL000006K9GbQAK,https://images.unsplash.com/photo-1558618666-fcd25c85cd64?w=800,Outdoor Green Scenery
a07gL000006K9GcQAK,https://images.unsplash.com/photo-1600585154340-be6161a56a0c?w=800,Living Room
a07gL000006K9GcQAK,https://images.unsplash.com/photo-1556909114-f6e7ad7d3136?w=800,Kitchen
a07gL000006K9GcQAK,https://images.unsplash.com/photo-1631049307264-da0ec9d70304?w=800,Bedroom
a07gL000006K9GcQAK,https://images.unsplash.com/photo-1620626011761-996317b8d101?w=800,Bathroom
a07gL000006K9GcQAK,https://images.unsplash.com/photo-1600011689032-8b628b8a8747?w=800,Terrace
a07gL000006K9GcQAK,https://images.unsplash.com/photo-1570129477492-45c003edd2be?w=800,House Exterior
a07gL000006K9GcQAK,https://images.unsplash.com/photo-1585412727339-54e4bae3bbf9?w=800,Outdoor Green Scenery
a07gL000006K9GdQAK,https://images.unsplash.com/photo-1600573472592-401b489a3cdc?w=800,Living Room
a07gL000006K9GdQAK,https://images.unsplash.com/photo-1556911220-bff31c812dba?w=800,Kitchen
a07gL000006K9GdQAK,https://images.unsplash.com/photo-1617806118233-18e1de247200?w=800,Bedroom
a07gL000006K9GdQAK,https://images.unsplash.com/photo-1625244724120-1fd1d34d00f6?w=800,Bathroom
a07gL000006K9GdQAK,https://images.unsplash.com/photo-1600047509782-20d39509f26d?w=800,Pool
a07gL000006K9GdQAK,https://images.unsplash.com/photo-1580587771525-78b9dba3b914?w=800,House Exterior
a07gL000006K9GdQAK,https://images.unsplash.com/photo-1574362848149-11496d93a7c7?w=800,Outdoor Green Scenery
a07gL000006K9GeQAK,https://images.unsplash.com/photo-1600121848594-d8644e57abab?w=800,Living Room
a07gL000006K9GeQAK,https://images.unsplash.com/photo-1565183928294-7d22cd3f7a88?w=800,Kitchen
a07gL000006K9GeQAK,https://images.unsplash.com/photo-1618221195710-dd6b41faaea6?w=800,Bedroom
a07gL000006K9GeQAK,https://images.unsplash.com/photo-1604709177225-055f99402ea3?w=800,Bathroom
a07gL000006K9GeQAK,https://images.unsplash.com/photo-1570129477492-45c003edd2be?w=800,Balcony
a07gL000006K9GeQAK,https://images.unsplash.com/photo-1512917774080-9991f1c4c750?w=800,House Exterior
a07gL000006K9GeQAK,https://images.unsplash.com/photo-1585412727339-54e4bae3bbf9?w=800,Outdoor Green Scenery
a07gL000006K9GfQAK,https://images.unsplash.com/photo-1600210492486-724fe5c67fb0?w=800,Living Room
a07gL000006K9GfQAK,https://images.unsplash.com/photo-1565183997392-2f6f122e5912?w=800,Kitchen
a07gL000006K9GfQAK,https://images.unsplash.com/photo-1616486338812-3dadae4b4ace?w=800,Bedroom
a07gL000006K9GfQAK,https://images.unsplash.com/photo-1507652313519-d4e9174996dd?w=800,Bathroom
a07gL000006K9GfQAK,https://images.unsplash.com/photo-1600607687644-c7171b42498b?w=800,Patio
a07gL000006K9GfQAK,https://images.unsplash.com/photo-1564013799919-ab600027ffc6?w=800,House Exterior
a07gL000006K9GfQAK,https://images.unsplash.com/photo-1523712999610-f77fbcfc3843?w=800,Outdoor Green Scenery
a07gL000006K9GgQAK,https://images.unsplash.com/photo-1600210491892-03d54c0aaf87?w=800,Living Room
a07gL000006K9GgQAK,https://images.unsplash.com/photo-1565183928294-14d5e86c7fb1?w=800,Kitchen
a07gL000006K9GgQAK,https://images.unsplash.com/photo-1615875474908-9051e7c50465?w=800,Bedroom
a07gL000006K9GgQAK,https://images.unsplash.com/photo-1584622650111-993a426fbf0a?w=800,Bathroom
a07gL000006K9GgQAK,https://images.unsplash.com/photo-1600607687920-4e2a09cf159d?w=800,Gym
a07gL000006K9GgQAK,https://images.unsplash.com/photo-1600585154340-be6161a56a0c?w=800,House Exterior
a07gL000006K9GgQAK,https://images.unsplash.com/photo-1516641051054-9df6a1aad654?w=800,Outdoor Green Scenery
a07gL000006K9GhQAK,https://images.unsplash.com/photo-1600566753151-384129cf4e3e?w=800,Living Room
a07gL000006K9GhQAK,https://images.unsplash.com/photo-1565183922170-5ac52c89491f?w=800,Kitchen
a07gL000006K9GhQAK,https://images.unsplash.com/photo-1617325247661-675ab4b64ae2?w=800,Bedroom
a07gL000006K9GhQAK,https://images.unsplash.com/photo-1603912699214-92627f304eb6?w=800,Bathroom
a07gL000006K9GhQAK,https://images.unsplash.com/photo-1600047509358-9dc75507daeb?w=800,Pool
a07gL000006K9GhQAK,https://images.unsplash.com/photo-1600596542815-ffad4c1539a9?w=800,House Exterior
a07gL000006K9GhQAK,https://images.unsplash.com/photo-1588200908342-23b585c03e26?w=800,Outdoor Green Scenery
a07gL000006K9GiQAK,https://images.unsplash.com/photo-1600566752355-35792bedcfea?w=800,Living Room
a07gL000006K9GiQAK,https://images.unsplash.com/photo-1565182999561-18d7dc61c393?w=800,Kitchen
a07gL000006K9GiQAK,https://images.unsplash.com/photo-1617806118233-18e1de247200?w=800,Bedroom
a07gL000006K9GiQAK,https://images.unsplash.com/photo-1594398901394-4e34939a4fd0?w=800,Bathroom
a07gL000006K9GiQAK,https://images.unsplash.com/photo-1560448205-17d3a46c84de?w=800,Rooftop
a07gL000006K9GiQAK,https://images.unsplash.com/photo-1613490493576-7fde63acd811?w=800,House Exterior
a07gL000006K9GiQAK,https://images.unsplash.com/photo-1558618666-fcd25c85cd64?w=800,Outdoor Green Scenery
a07gL000006K9GjQAK,https://images.unsplash.com/photo-1600585154526-990dced4db0d?w=800,Living Room
a07gL000006K9GjQAK,https://images.unsplash.com/photo-1565183998311-bb7c57d2b99c?w=800,Kitchen
a07gL000006K9GjQAK,https://images.unsplash.com/photo-1615529328331-f8917597711f?w=800,Bedroom
a07gL000006K9GjQAK,https://images.unsplash.com/photo-1620626011761-996317b8d101?w=800,Bathroom
a07gL000006K9GjQAK,https://images.unsplash.com/photo-1600607687939-ce8a6c25118c?w=800,Deck
a07gL000006K9GjQAK,https://images.unsplash.com/photo-1605276374104-dee2a0ed3cd6?w=800,House Exterior
a07gL000006K9GjQAK,https://images.unsplash.com/photo-1585412727339-54e4bae3bbf9?w=800,Outdoor Green Scenery
a07gL000006K9GkQAK,https://images.unsplash.com/photo-1600566752734-f0b8b5a27a45?w=800,Living Room
a07gL000006K9GkQAK,https://images.unsplash.com/photo-1565183997392-2f6f122e5912?w=800,Kitchen
a07gL000006K9GkQAK,https://images.unsplash.com/photo-1616594266101-504e6be10008?w=800,Bedroom
a07gL000006K9GkQAK,https://images.unsplash.com/photo-1600493572592-9ff2f4d6c8f8?w=800,Bathroom
a07gL000006K9GkQAK,https://images.unsplash.com/photo-1600047509807-ba8f99d2cdde?w=800,Pool
a07gL000006K9GkQAK,https://images.unsplash.com/photo-1583608205776-bfd35f0d9f83?w=800,House Exterior
a07gL000006K9GkQAK,https://images.unsplash.com/photo-1523217582562-09d0def993a6?w=800,Outdoor Green Scenery
a07gL000006K9GlQAK,https://images.unsplash.com/photo-1600494603989-9650cf6ddd3d?w=800,Living Room
a07gL000006K9GlQAK,https://images.unsplash.com/photo-1565183922458-5b0e3c2c4b21?w=800,Kitchen
a07gL000006K9GlQAK,https://images.unsplash.com/photo-1616137355378-7355b96e77f5?w=800,Bedroom
a07gL000006K9GlQAK,https://images.unsplash.com/photo-1620626011761-996317b8d101?w=800,Bathroom
a07gL000006K9GlQAK,https://images.unsplash.com/photo-1558036117-15d82a90b9b1?w=800,Library
a07gL000006K9GlQAK,https://images.unsplash.com/photo-1572120360610-d971b9d7767c?w=800,House Exterior
a07gL000006K9GlQAK,https://images.unsplash.com/photo-1574362848149-11496d93a7c7?w=800,Outdoor Green Scenery
a07gL000006K9GmQAK,https://images.unsplash.com/photo-1600566753190-17f0baa2a6c3?w=800,Living Room
a07gL000006K9GmQAK,https://images.unsplash.com/photo-1565183928294-7d22cd3f7a88?w=800,Kitchen
a07gL000006K9GmQAK,https://images.unsplash.com/photo-1617806118233-18e1de247200?w=800,Bedroom
a07gL000006K9GmQAK,https://images.unsplash.com/photo-1605276373954-0c4a0dac5b12?w=800,Bathroom
a07gL000006K9GmQAK,https://images.unsplash.com/photo-1600607687920-4e2a09cf159d?w=800,Wine Cellar
a07gL000006K9GmQAK,https://images.unsplash.com/photo-1600047509807-ba8f99d2cdde?w=800,House Exterior
a07gL000006K9GmQAK,https://images.unsplash.com/photo-1516641051054-9df6a1aad654?w=800,Outdoor Green Scenery
a07gL000006K9GnQAK,https://images.unsplash.com/photo-1600210492492-4d86f5ac4a5a?w=800,Living Room
a07gL000006K9GnQAK,https://images.unsplash.com/photo-1556911220-bff31c812dba?w=800,Kitchen
a07gL000006K9GnQAK,https://images.unsplash.com/photo-1616486029423-aaa4789e8c9a?w=800,Bedroom
a07gL000006K9GnQAK,https://images.unsplash.com/photo-1584622650111-993a426fbf0a?w=800,Bathroom
a07gL000006K9GnQAK,https://images.unsplash.com/photo-1600047509358-9dc75507daeb?w=800,Pool
a07gL000006K9GnQAK,https://images.unsplash.com/photo-1570129477492-45c003edd2be?w=800,House Exterior
a07gL000006K9GnQAK,https://images.unsplash.com/photo-1523712999610-f77fbcfc3843?w=800,Outdoor Green Scenery
a07gL000006K9GoQAK,https://images.unsplash.com/photo-1600494603989-9650cf6ddd3d?w=800,Living Room
a07gL000006K9GoQAK,https://images.unsplash.com/photo-1556909212-d5b604d0c90d?w=800,Kitchen
a07gL000006K9GoQAK,https://images.unsplash.com/photo-1616594266101-504e6be10008?w=800,Bedroom
a07gL000006K9GoQAK,https://images.unsplash.com/photo-1564540579594-0930e2c8f926?w=800,Bathroom
a07gL000006K9GoQAK,https://images.unsplash.com/photo-1600011689032-8b628b8a8747?w=800,Garden
a07gL000006K9GoQAK,https://images.unsplash.com/photo-1600585154340-be6161a56a0c?w=800,House Exterior
a07gL000006K9GoQAK,https://images.unsplash.com/photo-1588200908342-23b585c03e26?w=800,Outdoor Green Scenery
a07gL000006K9GpQAK,https://images.unsplash.com/photo-1600585154340-be6161a56a0c?w=800,Living Room
a07gL000006K9GpQAK,https://images.unsplash.com/photo-1565183922170-5ac52c89491f?w=800,Kitchen
a07gL000006K9GpQAK,https://images.unsplash.com/photo-1618219944342-824e40a13285?w=800,Bedroom
a07gL000006K9GpQAK,https://images.unsplash.com/photo-1603912699214-92627f304eb6?w=800,Bathroom
a07gL000006K9GpQAK,https://images.unsplash.com/photo-1600607687644-c7171b42498b?w=800,Patio
a07gL000006K9GpQAK,https://images.unsplash.com/photo-1568605114967-8130f3a36994?w=800,House Exterior
a07gL000006K9GpQAK,https://images.unsplash.com/photo-1574362848149-11496d93a7c7?w=800,Outdoor Green Scenery